epoch,time,train/loss,metrics/accuracy_top1,metrics/accuracy_top5,val/loss,lr/pg0,lr/pg1,lr/pg2
1,451.037,2.96896,0.89467,1,0.34461,0.000472955,0.000472955,0.000472955
2,894.59,0.3908,0.9,1,0.25844,0.000930493,0.000930493,0.000930493
3,1340.92,0.32946,0.90267,1,0.27772,0.00136917,0.00136917,0.00136917
